weekday,avg_daily_kWh,std_daily_kWh,min_daily_kWh,max_daily_kWh,days_count
Sunday,37.496884615384616,6.513256459418273,27.793,45.781,26
Monday,36.82334615384615,6.347985387143281,27.042,45.561,26
Tuesday,37.14585185185185,6.271809974945297,27.734,45.676,27
Wednesday,36.821407407407406,6.4830902072489796,27.287,45.058,27
Thursday,36.74219230769231,6.575132400304838,27.241,45.221000000000004,26
Friday,37.40057692307692,6.671461675963231,27.634,46.097,26
Saturday,37.541961538461535,6.420262271781547,27.334,45.921,26
